"Estimated resident population by statistical area, level 2 (SA2), Queensland, 2006 to 2019p",,,,,,,,,,,,,,,
,,,,,,,,,,,,,,,
SA2 code,SA2 name,As at 30 June,,,,,,,,,,,,,
,,2006,2007,2008,2009,2010,2011,2012,2013,2014,2015,2016,2017,2018r,2019p
,,— persons —,,,,,,,,,,,,,
,,,,,,,,,,,,,,,
301011001,Alexandra Hills,"17,441","17,345","17,257","17,256","17,255","17,308","17,238","17,235","17,175","17,029","16,906","16,906","16,792","16,933"
301011002,Belmont - Gumdale,"7,148","7,337","7,549","7,690","7,682","7,764","7,770","7,799","7,783","7,776","7,748","7,767","7,854","7,943"
301011003,Birkdale,"14,448","14,509","14,505","14,701","14,803","14,914","15,094","15,235","15,307","15,367","15,394","15,614","15,637","15,676"
301011004,Capalaba,"17,528","17,497","17,478","17,464","17,495","17,557","17,675","17,727","17,731","18,044","18,271","18,650","18,773","18,813"
301011005,Thorneside,"3,558","3,560","3,598","3,603","3,615","3,672","3,709","3,754","3,841","3,827","3,884","3,924","3,979","3,967"
301011006,Wellington Point,"10,445","10,620","10,921","11,135","11,254","11,397","11,657","11,759","11,805","11,980","12,097","12,216","12,321","12,322"
301021007,Cleveland,"13,931","14,038","14,343","14,680","14,807","15,033","15,204","15,365","15,467","15,248","15,344","15,500","15,658","15,703"
301021008,Ormiston,"5,582","5,674","5,741","5,805","5,801","5,830","5,909","5,922","5,971","5,997","6,007","6,030","6,088","6,141"
301021009,Redland Bay,"11,056","11,853","12,718","13,275","13,698","14,038","14,423","14,896","15,155","15,544","16,097","16,615","17,249","17,750"
301021011,Sheldon - Mount Cotton,"4,969","5,247","5,600","6,164","6,395","6,706","7,035","7,325","7,662","7,923","8,204","8,490","8,741","8,861"
301021012,Thornlands,"10,770","11,719","12,254","12,791","13,043","13,303","13,611","13,773","14,144","14,421","15,203","15,663","16,350","17,242"
301021013,Victoria Point,"13,992","14,199","14,640","14,861","15,000","15,307","15,369","15,424","15,441","15,470","15,533","15,572","15,619","15,555"
301021527,Redland Islands,"7,040","7,335","7,716","8,124","8,386","8,646","8,795","8,913","9,134","9,257","9,276","9,410","9,618","9,852"
301031014,Brisbane Port - Lytton,7,7,7,8,8,8,8,8,9,9,9,9,9,9
301031015,Manly - Lota,"7,002","7,080","7,159","7,288","7,361","7,436","7,517","7,569","7,600","7,623","7,660","7,736","7,791","7,851"
301031016,Manly West,"10,287","10,390","10,537","10,782","10,915","11,037","11,245","11,374","11,656","11,719","11,830","11,972","12,137","12,145"
301031017,Murarrie,"3,578","3,815","3,995","4,083","4,097","4,152","4,240","4,279","4,301","4,304","4,306","4,377","4,451","4,592"
301031018,Tingalpa,"8,106","8,297","8,461","8,646","8,737","8,843","8,911","8,975","8,999","9,046","9,115","9,150","9,223","9,305"
301031019,Wakerley,"3,983","4,930","5,927","6,833","7,374","7,960","8,296","8,762","9,193","9,366","9,429","9,510","9,576","9,794"
301031020,Wynnum,"11,945","12,168","12,288","12,575","12,715","12,992","13,258","13,463","13,550","13,644","13,757","13,990","14,141","14,466"
301031021,Wynnum West - Hemmant,"13,839","13,933","14,141","14,411","14,699","14,825","15,097","15,272","15,345","15,334","15,333","15,481","15,611","15,738"
302011022,Bald Hills,"6,105","6,299","6,541","7,008","7,143","7,161","7,245","7,418","7,458","7,483","7,531","7,628","7,685","7,780"
302011023,Bridgeman Downs,"7,504","7,581","7,646","7,835","7,924","7,956","8,001","8,172","8,268","8,344","8,495","8,670","8,900","9,153"
302011024,Carseldine,"6,904","7,112","7,329","7,612","7,814","8,077","8,289","8,689","9,046","9,255","9,415","9,586","9,731","10,028"
302011025,Everton Park,"7,911","8,048","8,161","8,416","8,549","8,619","8,770","8,915","9,027","9,120","9,199","9,383","9,605","9,909"
302011026,McDowall,"7,127","7,185","7,232","7,324","7,367","7,391","7,589","7,731","7,799","7,847","7,890","7,915","8,039","8,116"
302021027,Aspley,"12,208","12,439","12,570","12,705","12,784","12,859","12,893","12,830","12,800","12,754","12,760","12,796","12,910","12,960"
302021028,Chermside,"6,496","6,878","7,317","7,742","8,058","8,578","8,763","8,998","9,195","9,364","9,669","9,938","10,259","10,425"
302021029,Chermside West,"6,091","6,100","6,172","6,295","6,383","6,402","6,458","6,479","6,473","6,481","6,489","6,532","6,647","6,786"
302021030,Geebung,"4,300","4,340","4,372","4,408","4,438","4,458","4,510","4,517","4,517","4,518","4,474","4,492","4,511","4,488"
302021031,Kedron - Gordon Park,"12,058","12,135","12,465","12,753","12,942","13,153","13,411","13,584","13,791","14,060","14,312","14,653","14,822","14,961"
302021032,Stafford,"5,663","5,736","5,865","6,026","6,166","6,280","6,393","6,547","6,631","6,758","6,811","6,940","7,056","7,196"
302021033,Stafford Heights,"6,964","6,962","6,954","6,958","6,974","7,003","7,013","7,037","7,043","7,064","7,075","7,145","7,214","7,277"
302021034,Wavell Heights,"9,003","9,184","9,275","9,516","9,663","9,813","9,997","10,101","10,139","10,140","10,167","10,302","10,487","10,685"
302031035,Boondall,"8,765","8,783","8,881","8,948","9,000","9,052","9,131","9,390","9,522","9,585","9,622","9,749","9,835","9,874"
302031036,Brisbane Airport,101,114,129,146,164,182,193,204,204,200,200,200,200,200
302031037,Eagle Farm - Pinkenba,296,296,290,289,289,279,397,519,631,749,852,988,"1,124","1,332"
302031038,Northgate - Virginia,"5,858","5,991","6,179","6,323","6,431","6,594","6,660","6,798","6,837","6,884","6,869","6,850","6,969","7,087"
302031039,Nudgee - Banyo,"7,465","7,673","8,069","8,432","8,707","8,957","9,174","9,426","9,662","9,744","9,950","10,140","10,316","10,584"
302031040,Nundah,"8,570","9,078","9,581","10,133","10,576","10,896","11,275","11,548","11,913","12,349","12,940","13,358","13,776","14,301"
302041041,Bracken Ridge,"15,776","16,154","16,723","17,130","17,344","17,390","17,613","17,642","17,633","17,565","17,579","17,724","17,809","17,825"
302041042,Brighton (Qld),"8,818","8,904","9,038","9,171","9,247","9,357","9,403","9,542","9,664","9,750","9,777","9,855","9,946","10,019"
302041043,Deagon,"3,185","3,288","3,364","3,450","3,498","3,577","3,635","3,690","3,711","3,741","3,770","3,846","3,883","3,996"
302041044,Sandgate - Shorncliffe,"6,639","6,646","6,663","6,702","6,750","6,796","6,856","6,945","7,016","7,028","7,026","6,987","7,024","6,978"
302041045,Taigum - Fitzgibbon,"7,830","8,227","8,499","8,719","8,902","9,250","9,797","10,233","10,934","11,725","12,619","13,279","13,896","14,302"
302041046,Zillmere,"7,581","7,614","7,871","7,967","8,158","8,402","8,543","8,862","9,036","9,204","9,274","9,498","9,540","9,623"
303011047,Camp Hill,"10,135","10,387","10,564","10,645","10,737","10,918","11,104","11,306","11,444","11,549","11,670","11,864","12,090","12,246"
303011048,Cannon Hill,"4,175","4,339","4,535","4,627","4,738","4,751","5,006","5,245","5,411","5,675","6,013","6,255","6,532","6,877"
303011049,Carina,"9,217","9,699","10,049","10,260","10,467","10,707","10,881","11,002","11,086","11,333","11,562","11,775","11,904","12,094"
303011050,Carina Heights,"5,904","5,952","6,126","6,241","6,290","6,364","6,454","6,543","6,600","6,715","6,808","6,926","7,024","7,108"
303011051,Carindale,"15,662","15,706","15,897","16,131","16,196","16,270","16,313","16,325","16,331","16,354","16,373","16,613","16,775","16,845"
303021052,Annerley,"10,063","10,283","10,586","10,842","11,046","11,273","11,482","11,705","11,895","12,021","12,065","12,223","12,327","12,489"
303021053,Coorparoo,"14,349","14,584","14,905","15,194","15,433","15,694","15,963","16,089","16,266","16,457","16,795","17,348","17,895","18,330"
303021054,Fairfield - Dutton Park,"4,112","4,123","4,156","4,219","4,240","4,287","4,469","4,790","4,941","4,977","5,082","5,295","5,468","5,596"
303021055,Greenslopes,"8,390","8,581","8,716","8,861","8,977","9,066","9,364","9,441","9,509","9,528","9,606","9,779","9,991","10,223"
303021056,Holland Park,"7,761","7,789","7,864","7,985","8,075","8,163","8,247","8,399","8,480","8,498","8,678","8,899","9,022","9,098"
303021057,Holland Park West,"5,711","5,814","5,940","6,076","6,136","6,238","6,325","6,374","6,447","6,552","6,599","6,707","6,733","6,811"
303021058,Woolloongabba,"4,045","4,119","4,382","4,627","4,787","5,082","5,242","5,483","5,569","5,693","5,843","6,069","6,155","6,363"
303021059,Yeronga,"7,856","8,041","8,220","8,583","8,741","8,848","9,110","9,323","9,430","9,687","9,988","10,210","10,405","10,582"
303031060,Eight Mile Plains,"12,508","12,933","13,380","14,092","14,414","14,777","15,028","15,330","15,634","15,794","15,903","16,039","16,137","16,106"
303031061,Macgregor (Qld),"5,576","5,601","5,623","5,691","5,788","5,889","5,957","6,066","6,139","6,186","6,198","6,295","6,364","6,454"
303031062,Mansfield (Qld),"8,608","8,638","8,681","8,744","8,779","8,835","8,978","8,998","8,993","8,985","9,033","9,128","9,246","9,335"
303031063,Mount Gravatt,"13,710","13,832","14,048","14,284","14,421","14,663","14,823","15,064","15,197","15,291","15,578","15,941","16,328","16,577"
303031064,Rochedale - Burbank,"4,184","4,186","4,185","4,196","4,224","4,275","4,609","4,983","5,364","5,920","6,665","7,255","7,895","8,642"
303031065,Upper Mount Gravatt,"8,121","8,521","8,693","8,917","9,085","9,296","9,357","9,442","9,560","9,663","9,841","10,095","10,340","10,661"
303031066,Wishart,"10,611","10,701","10,795","10,817","10,823","10,891","11,129","11,108","11,086","11,112","11,237","11,440","11,568","11,586"
303041067,Coopers Plains,"4,469","4,540","4,595","4,688","4,744","4,793","4,987","5,175","5,308","5,451","5,721","5,913","6,048","6,180"
303041068,Moorooka,"9,450","9,529","9,781","10,015","10,233","10,396","10,576","10,597","10,720","10,778","10,837","11,021","11,208","11,418"
303041069,Robertson,"5,020","5,002","5,003","5,061","5,087","5,147","5,247","5,336","5,375","5,410","5,430","5,447","5,502","5,592"
303041070,Salisbury - Nathan,"6,851","6,925","7,023","7,213","7,292","7,452","7,464","7,477","7,477","7,482","7,498","7,525","7,534","7,611"
303041071,Tarragindi,"9,667","9,752","9,928","10,141","10,238","10,371","10,540","10,694","10,890","11,028","11,095","11,300","11,509","11,647"
303051072,Algester,"7,969","8,242","8,363","8,417","8,495","8,578","8,606","8,670","8,706","8,745","8,810","8,882","9,005","9,161"
303051073,Calamvale - Stretton,"14,881","15,872","17,006","18,235","18,940","19,413","20,160","20,785","21,251","21,723","22,419","22,896","23,377","23,863"
303051074,Pallara - Willawong,"1,780","2,192","2,596","3,086","3,528","3,896","4,182","4,308","4,496","4,719","4,892","5,061","5,323","5,826"
303051075,Parkinson - Drewvale,"12,173","13,134","13,880","14,705","14,778","14,891","15,265","15,454","15,618","15,896","16,250","16,455","16,619","16,580"
303051076,Rocklea - Acacia Ridge,"9,178","9,179","9,182","9,162","9,135","9,107","9,218","9,325","9,513","9,724","9,945","10,130","10,289","10,380"
303061077,Kuraby,"6,969","7,306","7,622","7,816","7,945","8,077","8,209","8,368","8,513","8,690","8,757","8,915","9,020","9,198"
303061078,Runcorn,"12,898","13,067","13,301","13,552","13,680","13,973","14,298","14,599","14,847","14,954","15,139","15,341","15,407","15,410"
303061079,Sunnybank,"8,223","8,234","8,247","8,319","8,386","8,556","8,784","8,950","9,129","9,285","9,323","9,538","9,599","9,850"
303061080,Sunnybank Hills,"16,753","16,741","17,017","17,322","17,499","17,837","18,163","18,500","18,734","19,013","19,126","19,203","19,212","19,253"
304011081,Jindalee - Mount Ommaney,"7,549","7,591","7,599","7,591","7,618","7,626","7,807","7,877","7,904","7,871","7,836","7,835","7,805","7,815"
304011082,Middle Park - Jamboree Heights,"7,541","7,530","7,490","7,461","7,428","7,362","7,406","7,485","7,499","7,424","7,362","7,426","7,434","7,382"
304011083,Riverhills,"4,077","4,087","4,059","4,031","3,997","3,954","4,029","4,139","4,198","4,250","4,270","4,282","4,286","4,279"
304011084,Seventeen Mile Rocks - Sinnamon Park,"8,885","9,212","9,485","9,717","9,778","9,849","10,001","10,021","10,030","10,059","10,022","9,963","9,952","9,929"
304011085,Westlake,"4,787","4,707","4,663","4,645","4,627","4,594","4,619","4,638","4,634","4,616","4,583","4,580","4,552","4,582"
304021086,Bellbowrie - Moggill,"7,282","7,782","8,350","8,920","9,227","9,357","9,626","9,944","10,206","10,325","10,490","10,602","10,711","10,860"
304021087,Brookfield - Kenmore Hills,"7,148","7,149","7,159","7,197","7,214","7,201","7,197","7,124","7,098","7,082","7,033","7,036","7,028","6,988"
304021088,Chapel Hill,"10,335","10,369","10,435","10,526","10,576","10,682","10,708","10,688","10,651","10,661","10,732","10,748","10,774","10,802"
304021089,Fig Tree Pocket,"3,425","3,605","3,721","3,821","3,846","3,844","3,953","4,002","4,101","4,177","4,245","4,296","4,348","4,373"
304021090,Kenmore,"8,523","8,615","8,624","8,671","8,772","8,847","8,916","9,004","9,046","9,055","9,172","9,344","9,384","9,540"
304021091,Pinjarra Hills - Pullenvale,"4,993","5,130","5,248","5,455","5,541","5,596","5,623","5,641","5,644","5,649","5,637","5,614","5,576","5,598"
304031092,Chelmer - Graceville,"6,872","6,871","6,858","6,844","6,842","6,841","7,067","7,275","7,466","7,643","7,802","7,990","8,136","8,187"
304031093,Corinda,"4,556","4,683","4,735","4,809","4,866","4,914","4,965","4,960","4,965","4,972","5,047","5,129","5,213","5,280"
304031094,Indooroopilly,"11,137","11,353","11,650","11,982","12,202","12,318","12,378","12,394","12,521","12,628","12,790","12,864","13,052","13,266"
304031095,Sherwood,"4,926","4,975","5,204","5,406","5,452","5,481","5,579","5,664","5,709","5,740","5,858","5,918","6,061","6,237"
304031096,St Lucia,"11,135","11,345","11,521","11,718","11,818","11,955","12,479","12,576","12,652","12,876","13,285","13,758","14,061","14,434"
304031097,Taringa,"7,863","8,000","8,127","8,241","8,343","8,391","8,458","8,588","8,684","8,748","8,918","9,189","9,359","9,436"
304041098,Enoggera,"6,549","6,973","7,253","7,479","7,702","7,947","8,049","8,157","8,319","8,435","8,555","8,807","9,056","9,300"
304041099,Enoggera Reservoir,26,26,26,26,26,26,26,26,26,26,26,26,26,26
304041100,Keperra,"7,208","7,226","7,237","7,254","7,283","7,298","7,444","7,428","7,402","7,387","7,342","7,384","7,416","7,439"
304041101,Mitchelton,"7,266","7,440","7,622","7,755","7,907","7,996","8,218","8,398","8,430","8,538","8,684","8,893","9,022","9,172"
304041102,Mount Coot-tha,0,0,0,0,0,0,0,0,0,0,0,0,0,0
304041103,The Gap,"16,179","16,216","16,380","16,574","16,659","16,666","16,832","16,923","17,055","17,086","17,133","17,140","17,175","17,240"
304041104,Upper Kedron - Ferny Grove,"8,405","8,627","8,773","9,018","9,252","9,360","9,516","9,761","9,963","10,144","10,331","10,576","10,875","11,175"
305011105,Brisbane City,"7,455","8,541","8,668","8,879","9,000","9,356","9,782","10,029","10,252","10,606","10,939","11,365","11,781","12,267"
305011106,Fortitude Valley,"5,082","5,289","5,430","5,441","5,451","5,545","5,806","6,198","6,597","7,017","7,593","8,014","8,569","9,048"
305011107,Highgate Hill,"5,735","5,767","5,943","6,039","6,092","6,164","6,301","6,419","6,503","6,585","6,755","6,868","6,997","7,067"
305011108,Kangaroo Point,"7,210","7,255","7,293","7,352","7,397","7,527","7,692","7,915","8,275","8,583","8,843","9,140","9,485","9,879"
305011109,New Farm,"12,025","12,109","12,196","12,249","12,349","12,512","12,787","13,114","13,272","13,453","13,664","13,943","14,090","14,284"
305011110,South Brisbane,"4,412","4,866","5,115","5,325","5,491","5,770","6,072","6,541","6,888","7,330","7,779","8,508","9,288","9,974"
305011111,Spring Hill,"5,464","5,701","5,826","5,900","5,936","5,987","6,063","6,168","6,224","6,341","6,419","6,674","7,002","7,459"
305011112,West End,"6,567","6,795","7,290","8,012","8,164","8,531","8,864","9,063","9,480","9,861","10,337","11,001","11,883","13,012"
305021113,Balmoral,"3,797","3,873","3,961","3,999","4,019","4,060","4,150","4,216","4,278","4,365","4,464","4,578","4,651","4,738"
305021114,Bulimba,"5,184","5,430","5,745","5,946","6,057","6,245","6,500","6,630","6,841","6,964","7,071","7,226","7,400","7,580"
305021115,East Brisbane,"5,476","5,685","5,751","5,784","5,817","5,874","5,944","6,031","6,083","6,099","6,133","6,211","6,314","6,498"
305021116,Hawthorne,"4,561","4,665","4,730","4,917","5,025","5,105","5,163","5,191","5,200","5,221","5,246","5,303","5,345","5,458"
305021117,Morningside - Seven Hills,"10,447","10,832","11,222","11,500","11,742","12,011","12,247","12,561","12,747","13,042","13,249","13,649","14,051","14,511"
305021118,Norman Park,"5,678","5,871","5,986","6,143","6,233","6,280","6,343","6,452","6,505","6,578","6,659","6,767","6,902","6,981"
305031119,Albion,"2,512","2,547","2,614","2,658","2,692","2,706","2,765","2,801","2,852","2,908","2,974","3,199","3,403","3,542"
305031120,Alderley,"5,256","5,329","5,507","5,711","5,794","5,931","6,050","6,074","6,154","6,224","6,302","6,425","6,537","6,618"
305031121,Ascot,"5,031","5,120","5,214","5,313","5,351","5,400","5,402","5,407","5,404","5,403","5,403","5,434","5,532","5,634"
305031122,Clayfield,"9,910","9,988","10,193","10,312","10,394","10,474","10,716","10,833","10,955","10,959","10,960","11,145","11,246","11,411"
305031123,Grange,"4,105","4,164","4,202","4,276","4,302","4,328","4,355","4,372","4,383","4,393","4,429","4,422","4,462","4,542"
305031124,Hamilton (Qld),"4,577","4,639","4,724","4,819","4,867","4,930","5,307","5,677","6,069","6,315","6,698","6,922","7,164","7,421"
305031125,Hendra,"4,258","4,280","4,339","4,469","4,498","4,602","4,748","4,789","4,831","4,845","4,869","4,956","5,053","5,129"
305031126,Kelvin Grove - Herston,"6,482","6,941","7,383","7,651","7,921","8,296","8,555","8,936","9,592","10,182","10,718","11,173","11,492","11,799"
305031127,Newmarket,"4,414","4,461","4,496","4,556","4,599","4,670","4,823","4,929","5,109","5,171","5,216","5,309","5,414","5,469"
305031128,Newstead - Bowen Hills,"6,755","7,122","7,357","7,510","7,580","7,790","8,237","8,939","9,464","10,365","11,355","12,579","13,929","15,115"
305031129,Wilston,"3,774","3,815","3,865","3,939","4,014","4,077","4,134","4,164","4,183","4,173","4,158","4,179","4,179","4,173"
305031130,Windsor,"6,363","6,421","6,527","6,623","6,686","6,762","7,005","7,126","7,285","7,424","7,582","7,849","8,058","8,353"
305031131,Wooloowin - Lutwyche,"8,447","8,611","8,672","8,842","9,008","9,103","9,271","9,587","9,752","9,940","10,241","10,648","10,939","11,154"
305041132,Ashgrove,"12,518","12,816","13,020","13,194","13,335","13,467","13,589","13,750","13,763","13,770","13,922","14,199","14,396","14,496"
305041133,Auchenflower,"5,344","5,425","5,527","5,605","5,684","5,741","5,858","5,838","5,812","5,800","5,802","5,893","5,990","6,141"
305041134,Bardon,"9,057","9,185","9,329","9,464","9,609","9,701","9,813","9,903","9,966","10,093","10,168","10,305","10,439","10,523"
305041135,Paddington - Milton,"9,842","9,977","10,252","10,433","10,582","10,663","10,741","11,004","11,266","11,349","11,482","11,829","12,114","12,393"
305041136,Red Hill (Qld),"5,505","5,503","5,640","5,761","5,793","5,946","5,923","5,949","5,938","5,988","6,043","6,112","6,183","6,290"
305041137,Toowong,"10,370","10,542","10,697","10,922","11,073","11,196","11,205","11,338","11,399","11,390","11,479","11,799","12,084","12,331"
306011138,Brinsmead,"5,204","5,251","5,335","5,407","5,421","5,447","5,605","5,605","5,548","5,528","5,547","5,614","5,676","5,687"
306011139,Clifton Beach - Kewarra Beach,"8,289","8,875","9,279","9,736","10,064","10,305","10,586","10,787","10,930","11,043","11,209","11,391","11,491","11,566"
306011140,Freshwater - Stratford,"3,672","3,704","3,744","3,773","3,796","3,823","3,851","3,812","3,768","3,742","3,715","3,725","3,732","3,772"
306011141,Redlynch,"9,435","10,072","10,716","11,320","11,664","11,915","12,298","12,534","12,703","12,917","13,171","13,382","13,625","13,781"
306011142,Trinity Beach - Smithfield,"8,240","8,584","9,167","9,988","10,723","11,279","11,849","12,490","13,138","13,703","14,342","14,936","15,459","15,982"
306011143,Yorkeys Knob - Machans Beach,"6,089","6,100","6,119","6,142","6,153","6,177","6,226","6,249","6,273","6,290","6,313","6,357","6,417","6,462"
306021144,Bentley Park,"5,624","6,209","6,937","7,368","7,563","7,671","7,855","8,024","8,120","8,284","8,270","8,329","8,468","8,564"
306021145,Cairns City,"8,504","8,979","9,599","10,046","10,195","10,430","10,666","10,945","11,346","11,621","11,906","12,186","12,360","12,386"
306021146,Earlville - Bayview Heights,"8,376","8,351","8,348","8,333","8,315","8,337","8,423","8,536","8,534","8,472","8,471","8,424","8,378","8,256"
306021147,Edmonton,"8,266","8,771","9,338","9,779","10,113","10,266","10,565","10,752","10,891","10,918","11,020","11,055","11,134","11,270"
306021148,Gordonvale - Trinity,"6,927","7,208","7,475","7,932","8,177","8,293","8,492","8,604","8,714","8,850","8,899","9,084","9,262","9,399"
306021149,Kanimbla - Mooroobool,"8,845","8,988","9,148","9,303","9,492","9,542","9,758","9,892","9,949","10,005","10,147","10,329","10,445","10,621"
306021150,Lamb Range,0,0,0,0,0,0,0,0,0,0,0,0,0,0
306021151,Manoora,"5,830","5,852","5,886","5,910","5,936","5,966","6,041","6,163","6,189","6,211","6,220","6,287","6,283","6,337"
306021152,Manunda,"5,260","5,249","5,246","5,203","5,194","5,190","5,213","5,422","5,480","5,524","5,549","5,582","5,587","5,537"
306021153,Mount Sheridan,"7,346","7,604","7,888","8,076","8,163","8,258","8,478","8,543","8,530","8,503","8,475","8,614","8,642","8,718"
306021154,Westcourt - Bungalow,"5,703","5,887","6,150","6,313","6,463","6,576","6,463","6,546","6,595","6,571","6,547","6,544","6,508","6,441"
306021155,White Rock,"3,986","4,128","4,428","4,549","4,627","4,661","4,735","4,838","4,894","4,866","4,880","4,933","4,975","4,983"
306021156,Whitfield - Edge Hill,"8,382","8,419","8,414","8,422","8,403","8,366","8,430","8,489","8,480","8,452","8,462","8,542","8,571","8,677"
306021157,Woree,"4,225","4,269","4,455","4,687","4,866","5,003","4,996","4,975","4,961","4,953","4,938","4,930","4,918","4,911"
306031158,Babinda,"4,356","4,385","4,391","4,356","4,294","4,233","4,277","4,330","4,314","4,284","4,300","4,302","4,303","4,292"
306031159,Innisfail,"9,664","9,770","9,714","9,669","9,627","9,576","9,598","9,581","9,564","9,564","9,575","9,608","9,623","9,587"
306031160,Johnstone,"7,727","7,755","7,742","7,725","7,718","7,727","7,921","7,954","7,982","8,009","8,029","8,070","8,138","8,147"
306031161,Tully,"10,496","10,547","10,623","10,686","10,694","10,584","10,592","10,640","10,706","10,729","10,872","11,031","11,061","11,195"
306031162,Wooroonooran,0,0,0,0,0,3,3,3,3,3,3,3,3,3
306031163,Yarrabah,"2,468","2,498","2,531","2,535","2,588","2,595","2,643","2,686","2,694","2,695","2,702","2,799","2,847","2,901"
306041164,Daintree,"6,126","6,150","6,169","6,166","6,173","6,175","6,247","6,314","6,380","6,412","6,482","6,573","6,583","6,662"
306041165,Port Douglas,"4,361","4,553","4,752","4,874","4,893","4,963","5,039","5,171","5,277","5,357","5,475","5,552","5,545","5,581"
306051166,Atherton,"9,564","9,813","10,076","10,255","10,363","10,472","10,551","10,677","10,819","10,856","10,943","11,060","11,229","11,358"
306051167,Herberton,"5,542","5,571","5,603","5,624","5,635","5,647","5,687","5,720","5,741","5,732","5,709","5,688","5,692","5,647"
306051168,Kuranda,"3,785","3,857","4,135","4,309","4,449","4,555","4,575","4,581","4,578","4,597","4,600","4,632","4,660","4,701"
306051169,Malanda - Yungaburra,"8,122","8,169","8,206","8,224","8,232","8,253","8,365","8,430","8,500","8,523","8,565","8,612","8,639","8,595"
306051170,Mareeba,"9,349","9,693","9,952","10,213","10,374","10,493","10,671","10,920","11,026","11,185","11,348","11,497","11,694","11,823"
307011171,Balonne,"4,754","4,760","4,786","4,813","4,833","4,862","4,787","4,776","4,726","4,610","4,461","4,373","4,333","4,360"
307011172,Chinchilla,"5,860","6,009","6,314","6,523","6,824","7,218","7,416","7,586","7,853","8,037","8,288","8,500","8,614","8,800"
307011173,Goondiwindi,"6,219","6,297","6,387","6,469","6,534","6,583","6,601","6,588","6,573","6,523","6,496","6,537","6,527","6,616"
307011174,Inglewood - Waggamba,"4,126","4,153","4,190","4,221","4,251","4,275","4,310","4,332","4,298","4,281","4,287","4,276","4,247","4,231"
307011175,Miles - Wandoan,"3,909","3,916","3,948","3,939","3,899","3,890","3,850","3,916","4,033","4,085","4,136","4,224","4,224","4,283"
307011176,Roma,"6,719","6,800","6,900","6,977","7,081","7,161","7,155","7,306","7,266","7,225","7,025","6,983","6,971","6,915"
307011177,Roma Region,"5,893","5,970","6,052","6,136","6,205","6,276","6,269","6,209","6,168","6,067","5,901","5,895","5,848","5,781"
307011178,Tara,"4,000","4,030","4,066","4,114","4,193","4,237","4,343","4,374","4,354","4,326","4,272","4,241","4,176","4,085"
307021179,Crows Nest - Rosalie,"8,075","8,134","8,173","8,204","8,225","8,232","8,297","8,393","8,501","8,539","8,661","8,755","8,801","8,852"
307021180,Jondaryan,"7,296","7,310","7,371","7,455","7,516","7,556","7,622","7,724","7,736","7,698","7,620","7,633","7,584","7,580"
307021181,Millmerran,"3,161","3,162","3,174","3,182","3,186","3,195","3,243","3,273","3,363","3,347","3,345","3,330","3,324","3,296"
307021182,Pittsworth,"5,178","5,212","5,264","5,318","5,365","5,422","5,500","5,593","5,674","5,745","5,856","5,905","5,912","5,871"
307021183,Wambo,"15,309","15,519","15,864","16,287","16,526","17,004","17,285","17,536","17,502","17,419","17,354","17,311","17,302","17,275"
307031184,Clifton - Greenmount,"4,127","4,231","4,339","4,480","4,533","4,613","4,694","4,795","4,830","4,857","4,972","5,043","5,067","5,072"
307031185,Southern Downs - East,"3,889","3,954","4,045","4,106","4,144","4,159","4,189","4,209","4,255","4,261","4,280","4,293","4,273","4,241"
307031186,Southern Downs - West,"4,037","4,172","4,275","4,359","4,441","4,511","4,558","4,616","4,624","4,662","4,683","4,679","4,699","4,740"
307031187,Stanthorpe,"5,240","5,325","5,357","5,408","5,451","5,523","5,550","5,562","5,573","5,541","5,512","5,531","5,457","5,359"
307031188,Stanthorpe Region,"5,148","5,230","5,321","5,468","5,532","5,593","5,604","5,702","5,729","5,773","5,857","5,925","6,019","6,076"
307031189,Warwick,"14,170","14,331","14,523","14,714","14,829","14,950","15,194","15,496","15,484","15,417","15,395","15,349","15,376","15,277"
308011190,Central Highlands - East,"7,858","7,687","7,650","7,761","7,752","7,812","7,841","7,819","7,808","7,683","7,569","7,531","7,584","7,673"
308011191,Central Highlands - West,"8,598","8,694","8,806","8,908","8,985","9,073","9,087","9,017","8,807","8,498","8,253","8,131","7,944","7,754"
308011192,Emerald,"11,695","12,117","12,550","12,979","13,302","13,632","13,797","13,932","13,973","13,951","13,867","13,940","14,113","14,290"
308031205,Berserker,"7,311","7,323","7,364","7,379","7,405","7,449","7,474","7,493","7,278","7,176","7,018","6,899","6,806","6,753"
308031206,Bouldercombe,"1,875","1,893","1,899","1,913","1,919","1,915","1,942","1,933","1,945","1,936","1,883","1,814","1,800","1,799"
308031207,Emu Park,"3,848","4,003","4,172","4,377","4,485","4,661","4,872","5,102","5,283","5,403","5,545","5,617","5,748","5,895"
308031208,Frenchville - Mount Archer,"9,455","9,457","9,465","9,466","9,499","9,516","9,611","9,662","9,421","9,329","9,253","9,128","9,053","9,047"
308031209,Glenlee - Rockyview,"4,214","4,352","4,492","4,566","4,569","4,579","4,639","4,736","4,971","5,052","5,067","5,145","5,136","5,197"
308031210,Gracemere,"6,206","6,825","7,491","8,229","8,720","9,066","9,750","10,474","11,261","11,743","11,957","12,134","12,390","12,758"
308031211,Lakes Creek,"5,046","5,070","5,144","5,166","5,189","5,223","5,279","5,331","5,232","5,145","4,968","4,953","4,887","4,918"
308031212,Mount Morgan,"3,042","3,053","3,071","3,094","3,101","3,102","3,118","3,150","3,123","3,075","2,961","2,931","2,928","2,931"
308031213,Norman Gardens,"8,115","8,358","8,565","8,871","8,951","9,102","9,488","9,773","10,020","10,161","10,339","10,571","10,673","10,859"
308031214,Park Avenue,"5,678","5,678","5,633","5,571","5,514","5,498","5,462","5,517","5,505","5,365","5,173","5,127","5,064","5,059"
308031215,Parkhurst - Kawana,"6,438","6,486","6,564","6,622","6,685","6,747","6,887","6,967","7,035","7,055","7,040","7,098","7,170","7,251"
308031216,Rockhampton - West,"6,134","6,145","6,158","6,192","6,236","6,293","6,366","6,294","6,233","6,128","6,079","6,000","6,001","5,957"
308031217,Rockhampton City,"3,643","3,658","3,680","3,702","3,720","3,753","3,753","3,686","3,541","3,447","3,346","3,326","3,252","3,179"
308031218,Rockhampton Region - East,"2,947","3,000","3,098","3,157","3,178","3,184","3,253","3,331","3,425","3,465","3,476","3,451","3,404","3,345"
308031219,Rockhampton Region - North,"4,292","4,291","4,248","4,266","4,208","4,144","4,212","4,267","4,294","4,289","4,307","4,319","4,327","4,358"
308031220,Rockhampton Region - West,"2,639","2,675","2,704","2,725","2,747","2,771","2,833","2,872","2,943","2,958","2,947","2,905","2,884","2,898"
308031221,Shoalwater Bay,11,11,11,11,11,11,12,13,14,15,16,16,16,16
308031222,The Range - Allenstown,"8,622","8,574","8,534","8,518","8,507","8,504","8,592","8,593","8,599","8,508","8,358","8,307","8,143","8,103"
308031223,Yeppoon,"14,231","14,972","15,386","16,097","16,455","16,815","17,393","17,830","18,076","18,355","18,539","18,738","18,998","19,267"
308041528,Banana,"9,234","9,031","8,956","8,964","8,857","8,779","8,800","8,806","8,760","8,744","8,687","8,552","8,422","8,330"
308041529,Biloela,"5,792","5,852","5,924","5,977","5,998","6,033","6,052","6,142","6,100","5,963","5,883","5,869","5,801","5,762"
308051530,Agnes Water - Miriam Vale,"5,267","5,349","5,466","5,566","5,596","5,673","5,811","6,023","6,072","6,074","6,112","6,125","6,212","6,248"
308051531,Boyne Island - Tannum Sands,"8,956","9,200","9,398","9,624","9,746","9,951","10,001","10,011","10,044","10,072","10,073","9,982","10,057","10,091"
308051532,Callemondah,36,39,43,46,50,53,46,40,33,27,20,20,20,20
308051533,Clinton - New Auckland,"10,244","10,578","10,851","11,089","11,144","11,363","11,877","12,726","13,470","13,961","13,880","14,011","14,119","14,420"
308051534,Gladstone,"6,003","6,071","6,169","6,232","6,314","6,496","6,405","6,463","6,439","6,363","6,164","6,103","6,100","6,126"
308051535,Gladstone Hinterland,"8,021","8,478","9,180","9,811","10,078","10,622","11,047","11,478","11,880","11,991","11,951","11,810","11,634","11,533"
308051536,Kin Kora - Sun Valley,"4,042","4,089","4,171","4,223","4,224","4,252","4,140","4,080","3,954","3,851","3,687","3,597","3,590","3,607"
308051537,South Trees,0,0,0,0,0,0,0,0,0,0,0,0,0,0
308051538,Telina - Toolooa,"4,387","4,629","4,946","5,204","5,257","5,701","5,917","6,102","6,292","6,340","6,330","6,394","6,481","6,611"
308051539,West Gladstone,"5,095","5,154","5,201","5,251","5,288","5,350","5,277","5,235","5,183","5,018","4,800","4,758","4,748","4,756"
309011224,Broadbeach Waters,"7,920","7,914","7,905","7,913","7,909","7,929","8,036","8,124","8,097","8,087","8,146","8,239","8,238","8,272"
309011225,Burleigh Heads,"7,954","8,057","8,150","8,256","8,320","8,417","8,661","8,788","8,942","9,019","9,129","9,199","9,277","9,311"
309011226,Burleigh Waters,"13,151","13,439","13,591","13,970","14,269","14,511","14,572","14,605","14,600","14,584","14,632","14,683","14,799","14,858"
309011227,Mermaid Beach - Broadbeach,"10,023","10,307","10,387","10,816","11,083","11,047","11,389","11,720","11,976","12,285","12,636","12,924","13,134","13,241"
309011228,Mermaid Waters,"12,185","12,214","12,219","12,284","12,338","12,355","12,499","12,542","12,585","12,579","12,608","12,699","12,782","12,867"
309011229,Miami,"6,476","6,530","6,574","6,598","6,608","6,638","6,804","6,939","7,030","7,105","7,150","7,229","7,358","7,478"
309021230,Coolangatta,"5,079","5,256","5,281","5,297","5,340","5,492","5,720","5,813","5,889","6,026","6,223","6,322","6,380","6,532"
309021231,Currumbin - Tugun,"10,038","10,180","10,170","10,285","10,541","10,861","11,073","11,245","11,359","11,489","11,758","11,904","12,156","12,486"
309021232,Currumbin Waters,"9,150","9,197","9,220","9,250","9,248","9,268","9,346","9,365","9,375","9,415","9,436","9,510","9,611","9,751"
309021233,Elanora,"12,078","12,075","12,026","12,083","12,084","12,094","12,168","12,296","12,305","12,345","12,507","12,735","12,921","13,015"
309021234,Palm Beach,"14,017","14,134","14,250","14,354","14,440","14,527","14,735","14,853","14,958","15,103","15,187","15,379","15,579","15,931"
309031235,Arundel,"9,679","9,756","9,830","9,917","9,956","10,000","10,080","10,361","10,532","10,568","10,636","10,772","10,743","11,001"
309031236,Biggera Waters,"5,584","5,848","6,054","6,333","6,473","6,614","7,110","7,617","8,076","8,423","8,891","9,329","9,760","10,254"
309031237,Coombabah,"9,563","9,643","9,797","9,897","9,987","10,082","10,266","10,399","10,489","10,497","10,594","10,603","10,621","10,653"
309031238,Labrador,"15,940","16,082","16,320","16,699","16,991","17,217","17,554","17,918","18,197","18,692","19,002","19,310","19,510","19,757"
309031239,Paradise Point - Hollywell,"7,998","8,228","8,363","8,635","8,862","9,016","9,135","9,305","9,459","9,563","9,746","9,822","9,882","10,040"
309031240,Runaway Bay,"8,802","8,886","9,066","9,159","9,182","9,343","9,360","9,367","9,376","9,374","9,389","9,441","9,528","9,529"
309041241,Guanaba - Springbrook,"3,989","4,051","4,057","4,149","4,174","4,149","4,134","4,166","4,188","4,246","4,340","4,368","4,426","4,458"
309041242,Tamborine - Canungra,"12,498","12,878","13,030","13,298","13,495","13,564","13,730","13,880","14,234","14,387","14,630","14,932","15,270","15,599"
309051243,Currumbin Valley - Tallebudgera,"6,575","6,692","6,777","6,914","7,019","7,092","7,145","7,175","7,282","7,389","7,429","7,545","7,594","7,681"
309051244,Mudgeeraba - Bonogin,"16,497","16,880","17,113","17,406","17,711","18,007","18,251","18,365","18,544","18,707","18,832","19,234","19,482","19,601"
309051245,Reedy Creek - Andrews,"4,792","5,516","6,064","6,439","6,826","7,059","7,284","7,539","7,794","8,014","8,170","8,392","8,594","8,900"
309061246,Carrara,"11,245","11,405","11,631","11,904","12,024","12,026","12,174","12,290","12,372","12,542","12,595","12,688","13,061","13,360"
309061247,Highland Park,"8,379","8,456","8,529","8,582","8,619","8,665","8,650","8,641","8,620","8,602","8,584","8,538","8,531","8,597"
309061248,Nerang - Mount Nathan,"17,923","18,371","18,687","19,086","19,341","19,551","19,908","20,370","20,605","20,810","21,135","21,411","21,676","21,684"
309061249,Pacific Pines - Gaven,"11,460","12,815","14,032","15,166","16,187","16,887","17,562","18,180","18,565","18,707","18,887","19,279","19,599","19,646"
309061250,Worongary - Tallai,"7,566","7,612","7,659","7,689","7,712","7,759","7,819","7,897","7,927","8,030","8,081","8,248","8,327","8,468"
309071251,Coomera,"4,134","5,195","6,339","7,400","8,386","9,075","9,994","10,825","11,445","12,258","13,685","15,113","16,603","18,040"
309071252,Helensvale,"15,198","15,477","15,850","16,166","16,388","16,635","16,855","16,990","17,042","17,193","17,380","17,585","17,787","18,238"
309071253,Hope Island,"5,651","6,532","7,415","8,047","8,484","8,930","9,453","9,895","10,446","11,061","11,715","12,260","12,917","13,347"
309071254,Jacobs Well - Alberton,"3,035","3,101","3,208","3,318","3,376","3,422","3,450","3,485","3,554","3,603","3,709","3,770","3,930","4,079"
309071255,Ormeau - Yatala,"10,987","12,433","13,802","15,030","15,781","16,324","17,019","17,660","18,539","19,222","20,200","21,311","22,244","23,022"
309071256,Oxenford - Maudsland,"11,680","12,732","13,467","14,119","14,467","14,845","15,173","15,347","15,538","15,548","16,173","16,678","17,144","17,482"
309071257,Pimpama,"1,728","1,949","2,262","2,525","2,822","3,317","3,999","4,852","5,829","7,096","9,484","12,460","16,126","19,425"
309071258,Upper Coomera - Willow Vale,"14,778","17,336","20,057","22,033","23,274","24,565","26,395","28,466","29,550","31,062","32,204","33,516","34,878","36,121"
309081259,Clear Island Waters,"4,281","4,261","4,220","4,195","4,155","4,140","4,168","4,193","4,212","4,234","4,230","4,254","4,235","4,268"
309081260,Merrimac,"5,881","6,119","6,225","6,298","6,389","6,492","6,690","6,869","7,058","7,171","7,339","7,452","7,489","7,484"
309081261,Robina,"19,959","20,604","20,864","21,227","21,370","21,584","22,085","22,657","23,204","23,770","24,085","24,677","25,489","25,943"
309081262,Varsity Lakes,"12,192","13,293","14,128","14,487","14,597","14,984","15,156","15,322","15,390","15,539","15,727","15,995","16,450","16,759"
309091263,Ashmore,"11,980","11,994","12,021","12,037","12,040","12,037","12,175","12,262","12,266","12,268","12,250","12,438","12,481","12,411"
309091264,Molendinar,"5,788","5,997","6,202","6,355","6,495","6,504","6,475","6,613","6,607","6,576","6,616","6,637","6,673","6,776"
309091265,Parkwood,"8,805","8,762","8,723","8,807","8,817","8,811","8,949","9,033","9,001","8,959","8,946","8,984","9,013","9,057"
309091540,Southport - North,"10,028","10,637","11,170","11,939","12,645","13,056","13,493","13,832","14,259","14,760","15,248","15,756","16,135","16,344"
309091541,Southport - South,"14,972","15,160","15,577","16,140","16,452","16,585","16,816","16,972","17,126","17,519","17,877","18,353","18,545","18,682"
309101267,Benowa,"7,583","7,775","7,944","8,091","8,196","8,308","8,535","8,671","8,785","8,932","9,015","9,180","9,338","9,660"
309101268,Bundall,"4,290","4,306","4,309","4,319","4,336","4,364","4,490","4,527","4,514","4,626","4,704","4,849","4,845","4,783"
309101269,Main Beach,"3,536","3,548","3,570","3,600","3,659","3,735","3,806","3,896","3,972","4,064","4,075","4,103","4,151","4,192"
309101270,Surfers Paradise,"19,526","20,185","20,464","20,621","20,762","20,883","21,731","22,440","23,239","23,967","24,918","25,967","26,486","27,034"
310011271,Darra - Sumner,"4,179","4,254","4,397","4,513","4,599","4,645","4,808","4,905","4,968","5,092","5,164","5,209","5,209","5,169"
310011272,Durack,"6,243","6,408","6,414","6,484","6,629","6,790","7,127","7,480","7,814","8,038","8,295","8,410","8,455","8,612"
310011273,Forest Lake - Doolandella,"23,338","24,146","24,886","25,321","25,723","26,368","27,050","27,488","27,884","28,336","28,758","29,501","30,054","30,593"
310011274,Inala - Richlands,"14,363","14,470","14,769","15,183","15,598","15,960","16,513","17,204","17,526","17,908","18,697","19,085","19,564","19,934"
310011275,Oxley (Qld),"6,585","6,696","6,813","6,991","7,141","7,251","7,506","7,671","7,792","7,986","8,153","8,333","8,383","8,621"
310011276,Wacol,"4,610","4,644","4,755","4,888","5,111","5,176","5,181","5,367","5,581","5,803","6,055","6,060","6,257","6,118"
310021277,Boonah,"10,420","10,540","10,744","11,007","11,163","11,171","11,303","11,569","11,901","11,967","12,158","12,298","12,518","12,621"
310021278,Esk,"4,589","4,677","4,703","4,812","4,844","4,874","4,959","5,096","5,156","5,155","5,246","5,315","5,352","5,352"
310021279,Lake Manchester - England Creek,0,0,0,0,0,0,0,0,0,0,3,3,3,3
310021280,Lockyer Valley - East,"15,518","15,977","16,492","17,147","17,583","18,048","18,401","19,233","19,591","19,902","20,295","20,694","21,105","21,490"
310021281,Lowood,"10,702","10,852","11,131","11,511","11,988","12,320","12,736","13,316","13,945","14,084","14,368","14,620","14,930","15,230"
310021282,Rosewood,"10,867","11,046","11,282","11,621","11,906","12,039","12,035","11,666","11,619","11,745","12,081","12,200","12,548","13,079"
310031283,Brassall,"7,632","8,002","8,355","8,913","9,145","9,454","9,916","10,245","10,581","10,930","11,222","11,597","11,869","12,331"
310031284,Bundamba,"7,524","7,570","7,625","7,764","7,959","8,085","8,316","8,569","8,774","8,992","9,187","9,403","9,530","9,655"
310031285,Churchill - Yamanto,"5,516","5,534","5,738","5,865","5,990","6,106","6,297","6,464","6,715","6,900","6,974","7,089","7,158","7,245"
310031286,Ipswich - Central,"6,306","6,430","6,572","6,636","6,752","6,857","6,848","6,835","6,815","6,804","6,782","6,817","6,865","6,955"
310031287,Ipswich - East,"16,669","16,746","16,827","17,107","17,276","17,444","17,694","17,916","18,027","18,234","18,521","18,713","18,895","18,904"
310031288,Ipswich - North,"3,686","3,739","3,859","4,056","4,220","4,422","4,529","4,642","4,668","4,700","4,783","4,918","5,006","5,051"
310031289,Karalee - Barellan Point,"4,462","4,570","4,753","4,883","4,976","4,985","5,125","5,292","5,372","5,468","5,689","5,812","5,967","6,144"
310031290,Karana Downs,"5,773","5,881","5,977","6,142","6,182","6,162","6,191","6,215","6,217","6,250","6,307","6,311","6,309","6,361"
310031291,Leichhardt - One Mile,"6,215","6,269","6,284","6,505","6,607","6,911","7,188","7,388","7,481","7,670","7,879","8,156","8,429","8,675"
310031292,North Ipswich - Tivoli,"6,114","6,161","6,284","6,428","6,488","6,526","6,538","6,546","6,545","6,556","6,573","6,617","6,614","6,565"
310031293,Raceview,"11,820","12,453","13,260","13,918","14,467","14,635","15,018","15,271","15,366","15,467","15,581","15,827","15,884","15,917"
310031294,Ripley,"2,579","2,654","2,766","2,865","2,889","2,921","3,183","3,507","3,889","4,305","4,755","5,450","6,409","8,112"
310031295,Riverview,"3,407","3,390","3,367","3,348","3,372","3,409","3,407","3,385","3,346","3,282","3,164","3,109","3,100","3,034"
310041296,Bellbird Park - Brookwater,"5,025","5,589","6,019","6,876","7,716","8,689","9,705","10,806","12,123","13,165","14,280","15,454","16,548","17,704"
310041297,Camira - Gailes,"9,274","9,290","9,297","9,306","9,331","9,357","9,365","9,409","9,433","9,467","9,511","9,543","9,576","9,651"
310041298,Carole Park,0,0,4,7,11,15,12,10,7,5,4,4,4,4
310041299,Collingwood Park - Redbank,"6,502","7,031","7,364","7,740","7,918","7,993","8,279","8,483","8,559","8,642","8,783","8,899","9,081","9,601"
310041300,Goodna,"8,128","8,538","8,843","9,211","9,394","9,649","9,892","10,334","10,649","10,911","11,271","11,470","11,526","11,442"
310041301,New Chum,0,0,0,0,0,0,0,0,0,0,0,0,0,0
310041302,Redbank Plains,"9,530","10,275","11,303","12,723","13,925","15,375","16,689","17,464","18,443","19,264","20,072","20,940","22,113","23,218"
310041303,Springfield,"5,870","6,196","6,604","6,762","6,845","6,867","6,893","6,936","6,955","6,989","7,054","7,145","7,281","7,448"
310041304,Springfield Lakes,"4,969","6,745","8,110","9,223","10,036","10,548","11,384","12,620","13,928","14,880","16,037","17,442","19,134","21,551"
311011305,Beaudesert,"11,314","11,566","11,807","12,223","12,512","12,705","12,933","13,283","13,747","13,953","14,196","14,519","14,788","14,903"
311021306,Beenleigh,"8,337","8,324","8,347","8,380","8,421","8,532","8,524","8,528","8,518","8,515","8,512","8,541","8,542","8,596"
311021307,Eagleby,"9,379","9,820","10,436","11,131","11,842","12,316","12,753","13,136","13,431","13,596","13,868","14,069","14,144","14,513"
311021308,Edens Landing - Holmview,"6,128","6,186","6,318","6,468","6,628","6,765","6,905","7,133","7,388","7,535","7,725","7,965","8,357","8,794"
311021309,Mount Warren Park,"6,029","5,987","5,964","5,944","5,918","5,879","5,905","5,915","5,912","5,936","5,960","6,010","5,987","5,927"
311021310,Wolffdene - Bahrs Scrub,"5,035","5,088","5,161","5,282","5,341","5,479","5,768","5,953","6,065","6,195","6,327","6,452","6,630","7,063"
311031311,Boronia Heights - Park Ridge,"11,670","11,733","11,886","11,961","12,091","12,145","12,417","12,537","12,632","12,680","12,683","12,781","13,068","14,056"
311031312,Browns Plains,"5,636","5,909","6,188","6,338","6,501","6,890","7,087","7,310","7,491","7,601","7,700","7,730","7,722","7,852"
311031313,Chambers Flat - Logan Reserve,"3,760","3,801","3,849","3,873","3,897","3,901","4,143","4,389","4,622","4,893","5,245","5,561","5,912","6,410"
311031314,Crestmead,"10,449","10,947","11,263","11,531","11,584","11,559","11,764","11,957","12,077","12,187","12,383","12,574","12,713","12,917"
311031315,Greenbank Military Camp,0,0,0,0,0,0,0,0,0,0,0,0,0,0
311031316,Hillcrest,"7,261","7,422","7,499","7,647","7,775","8,020","8,083","8,264","8,393","8,444","8,457","8,588","8,650","8,720"
311031317,Marsden,"9,346","9,627","10,097","10,708","10,984","11,759","12,556","13,328","13,858","14,378","14,968","15,447","15,926","16,198"
311031318,Munruben - Park Ridge South,"4,811","4,809","4,799","4,793","4,784","4,753","4,782","4,770","4,760","4,752","4,779","4,809","4,828","4,831"
311031319,Regents Park - Heritage Park,"14,579","15,044","15,507","15,968","16,196","16,098","16,333","16,411","16,455","16,466","16,539","16,732","16,724","16,772"
311041320,Greenbank,"9,438","9,947","10,577","11,117","11,583","12,087","12,450","12,743","13,030","13,182","13,289","13,566","13,951","14,665"
311041321,Jimboomba,"16,733","17,616","18,384","19,224","19,666","20,221","21,428","22,512","23,502","24,967","26,560","28,667","31,147","33,625"
311041322,Logan Village,"5,831","5,800","5,843","5,944","6,002","6,025","6,099","6,396","6,584","6,890","7,225","7,518","7,878","8,367"
311051323,Bethania - Waterford,"5,974","6,329","6,768","7,748","8,355","8,804","9,436","9,781","10,192","10,647","11,225","11,713","12,046","12,173"
311051324,Cornubia - Carbrook,"8,166","8,217","8,253","8,288","8,332","8,372","8,434","8,443","8,499","8,675","8,815","9,007","9,082","9,172"
311051325,Loganholme - Tanah Merah,"10,263","10,355","10,506","10,709","10,899","11,137","11,315","11,367","11,405","11,452","11,543","11,581","11,573","11,645"
311051326,Loganlea,"8,554","8,801","9,056","9,263","9,491","9,666","9,893","10,212","10,404","10,553","10,875","11,042","11,422","11,569"
311051327,Shailer Park,"11,583","11,613","11,631","11,666","11,693","11,728","11,800","11,942","12,010","12,038","12,084","12,148","12,295","12,537"
311051328,Waterford West,"6,202","6,569","6,899","7,014","7,107","7,248","7,332","7,387","7,401","7,461","7,523","7,620","7,562","7,672"
311061329,Daisy Hill,"6,234","6,224","6,244","6,305","6,414","6,502","6,704","6,806","6,924","6,934","6,932","6,972","6,971","7,049"
311061330,Kingston (Qld.),"9,676","9,778","10,002","10,308","10,413","10,572","10,636","10,881","10,914","10,799","10,730","10,703","10,606","10,674"
311061331,Logan Central,"6,174","6,111","6,157","6,271","6,279","6,431","6,468","6,597","6,593","6,485","6,440","6,460","6,437","6,357"
311061332,Rochedale South - Priestdale,"15,482","15,512","15,551","15,594","15,618","15,653","15,751","15,823","15,882","15,949","16,005","16,181","16,334","16,375"
311061333,Slacks Creek,"10,134","10,235","10,332","10,462","10,694","10,810","10,882","10,988","10,996","10,887","10,837","10,763","10,642","10,657"
311061334,Springwood,"9,359","9,303","9,282","9,269","9,295","9,322","9,360","9,370","9,441","9,472","9,601","9,627","9,679","9,699"
311061335,Underwood,"4,680","4,823","5,038","5,208","5,346","5,580","5,768","6,112","6,357","6,616","6,670","6,780","6,870","6,888"
311061336,Woodridge,"12,213","12,480","12,791","12,958","13,040","13,220","13,198","13,554","13,411","13,157","13,011","12,880","12,796","12,585"
312011337,Bowen,"8,518","8,646","8,801","8,952","9,044","9,133","9,409","9,533","9,471","9,381","9,251","9,266","9,283","9,365"
312011338,Broadsound - Nebo,"9,593","9,777","9,946","10,094","10,126","10,130","10,192","10,168","9,827","9,302","8,745","8,448","8,142","8,042"
312011339,Clermont,"3,212","3,338","3,409","3,554","3,684","3,856","3,961","3,965","3,884","3,821","3,753","3,706","3,702","3,698"
312011340,Collinsville,"4,156","4,160","4,152","4,176","4,158","4,106","4,082","3,982","3,808","3,664","3,496","3,318","3,261","3,250"
312011341,Moranbah,"7,567","7,903","8,277","8,589","8,848","9,202","9,191","9,151","9,075","9,050","9,045","9,028","9,086","9,146"
312021342,Andergrove - Beaconsfield,"14,349","14,462","14,572","14,668","14,743","14,835","14,949","15,099","15,196","15,222","15,229","15,275","15,408","15,547"
312021343,East Mackay,"3,771","3,746","3,734","3,762","3,767","3,755","3,769","3,763","3,689","3,637","3,629","3,582","3,542","3,528"
312021344,Eimeo - Rural View,"7,301","7,952","8,554","9,117","9,644","10,201","10,821","11,670","12,240","12,538","12,619","12,712","12,832","13,011"
312021345,Eungella Hinterland,0,0,0,0,0,4,6,9,11,14,16,16,16,16
312021346,Mackay,"3,917","3,919","3,973","4,043","4,106","4,212","3,993","3,897","3,861","3,820","3,793","3,728","3,644","3,534"
312021347,Mackay Harbour,396,457,493,518,536,539,544,558,548,544,537,550,554,561
312021348,Mount Pleasant - Glenella,"9,485","9,886","10,209","10,632","10,862","11,074","11,035","11,017","10,972","10,952","10,941","10,958","10,960","11,035"
312021349,North Mackay,"6,670","6,745","6,817","6,881","6,934","6,989","6,962","6,855","6,666","6,412","6,125","5,971","5,967","5,929"
312021350,Ooralea - Bakers Creek,"3,260","3,328","3,498","3,728","3,930","4,230","4,427","4,806","4,955","5,071","5,174","5,230","5,229","5,183"
312021351,Pioneer Valley,"5,345","5,640","6,028","6,530","6,910","7,234","7,577","8,003","8,166","8,316","8,325","8,342","8,423","8,576"
312021352,Sarina,"10,969","11,115","11,372","11,539","11,690","11,857","12,029","12,096","12,031","11,850","11,766","11,634","11,595","11,660"
312021353,Seaforth - Calen,"8,050","8,216","8,372","8,471","8,519","8,587","8,624","8,555","8,487","8,396","8,237","8,188","8,175","8,207"
312021354,Shoal Point - Bucasia,"4,583","4,802","4,910","5,129","5,291","5,470","5,790","5,822","5,884","5,890","5,877","5,924","6,010","6,059"
312021355,Slade Point,"3,951","3,974","4,001","4,009","3,998","3,982","3,906","3,802","3,678","3,534","3,392","3,326","3,233","3,164"
312021356,South Mackay,"7,234","7,296","7,396","7,481","7,557","7,636","7,613","7,440","7,243","7,040","6,843","6,665","6,594","6,590"
312021357,Walkerston - Eton,"7,849","8,000","8,162","8,329","8,497","8,595","8,675","8,765","8,767","8,606","8,463","8,342","8,176","8,040"
312021358,West Mackay,"6,437","6,488","6,553","6,618","6,685","6,760","6,775","6,721","6,522","6,450","6,252","6,158","6,156","6,123"
312031359,Airlie - Whitsundays,"9,804","10,102","10,419","10,646","10,816","10,982","11,605","12,132","12,583","12,996","13,375","13,763","14,047","14,231"
312031360,Cape Conway,0,0,0,0,0,0,0,0,0,0,0,0,0,0
312031361,Proserpine,"7,777","7,851","7,965","8,064","8,122","8,195","8,301","8,466","8,500","8,468","8,416","8,427","8,446","8,511"
313011362,Beachmere - Sandstone Point,"11,495","12,108","12,722","13,175","13,521","13,846","14,255","14,620","14,929","15,053","15,313","15,643","16,072","16,392"
313011363,Bribie Island,"16,194","16,513","16,809","17,220","17,484","17,609","17,948","18,114","18,250","18,344","18,569","18,863","19,268","19,722"
313021364,Burpengary - East,"3,572","3,596","3,678","3,744","3,778","3,772","3,792","3,894","3,931","4,022","4,093","4,187","4,355","4,730"
313021365,Caboolture,"18,229","18,890","20,022","20,909","22,040","22,993","24,245","25,278","26,099","26,840","27,678","28,398","29,132","29,891"
313021366,Caboolture - South,"13,236","14,472","15,601","16,953","18,219","19,281","19,890","20,211","20,528","20,743","20,998","21,466","21,903","22,331"
313021367,Elimbah,"3,458","3,573","3,616","3,779","3,810","3,813","3,868","3,934","3,982","4,041","4,054","4,091","4,137","4,236"
313021368,Morayfield - East,"6,098","6,282","6,561","6,909","7,187","7,384","7,752","8,094","8,332","8,528","8,714","8,938","9,148","9,423"
313021369,Wamuran,"3,227","3,268","3,331","3,471","3,603","3,687","3,748","3,772","3,838","3,963","4,049","4,141","4,252","4,372"
313031370,Kilcoy,"4,317","4,390","4,532","4,748","4,885","5,006","5,062","5,203","5,354","5,438","5,535","5,598","5,603","5,641"
313031371,Woodford - D`Aguilar,"6,323","6,285","6,349","6,508","6,610","6,678","6,962","7,335","7,659","7,922","8,086","8,464","8,572","8,738"
313041372,Burpengary,"12,121","12,142","12,510","12,791","13,186","13,343","13,527","13,566","13,751","14,093","14,426","14,628","14,851","15,263"
313041373,Deception Bay,"20,717","21,438","21,828","22,092","22,368","22,451","22,617","22,717","22,818","22,936","23,087","23,217","23,209","23,366"
313041374,Morayfield,"4,827","4,858","4,886","4,917","4,953","4,980","4,955","5,015","5,001","4,967","4,962","4,942","5,020","5,166"
313041375,Narangba,"12,886","14,063","15,108","15,896","16,377","16,695","17,254","17,839","18,269","18,632","19,149","19,595","20,248","20,648"
313041376,Upper Caboolture,"2,603","2,650","2,716","2,753","2,752","2,731","2,833","2,928","2,986","3,034","3,098","3,165","3,254","3,334"
313051377,Clontarf,"7,703","7,696","7,785","7,918","8,094","8,155","8,190","8,286","8,360","8,407","8,456","8,436","8,448","8,356"
313051378,Margate - Woody Point,"10,739","10,955","11,127","11,291","11,462","11,566","11,666","11,690","11,792","11,844","12,035","12,261","12,257","12,301"
313051379,Redcliffe,"9,008","9,079","9,047","9,134","9,206","9,449","9,799","10,023","10,231","10,269","10,507","10,602","10,760","10,880"
313051380,Rothwell - Kippa-Ring,"14,153","14,780","15,678","16,271","16,762","17,180","17,176","17,263","17,457","17,713","17,717","17,768","17,679","17,504"
313051542,Scarborough - Newport - Moreton Island,"10,949","11,366","11,593","11,907","11,999","11,960","12,240","12,449","12,554","12,689","12,735","12,994","13,344","13,965"
314011382,Albany Creek,"16,363","16,386","16,383","16,389","16,419","16,458","16,389","16,388","16,299","16,259","16,357","16,396","16,495","16,599"
314011383,Cashmere,"10,741","12,008","12,979","14,302","15,200","15,868","16,649","17,313","18,094","18,772","19,474","20,105","20,644","20,956"
314011384,Dayboro,"6,773","7,225","7,417","7,695","7,810","7,892","8,039","8,178","8,315","8,481","8,756","8,984","9,126","9,310"
314011385,Eatons Hill,"7,431","7,556","7,772","8,031","8,169","8,255","8,290","8,299","8,278","8,282","8,245","8,287","8,293","8,244"
314011386,The Hills District,"22,782","22,879","23,019","23,193","23,353","23,530","23,794","23,919","23,972","24,058","24,226","24,297","24,418","24,504"
314011387,Samford Valley,"10,284","10,641","10,908","11,101","11,176","11,273","11,444","11,638","11,783","11,857","12,106","12,280","12,381","12,386"
314021388,Dakabin - Kallangur,"17,309","17,861","18,780","19,916","20,570","21,011","21,630","22,213","22,857","23,687","24,756","25,646","26,366","27,386"
314021389,Murrumba Downs - Griffin,"8,457","9,173","9,828","10,422","11,179","12,041","13,239","14,364","15,477","16,718","18,181","19,493","21,112","22,436"
314021390,North Lakes - Mango Hill,"9,157","11,556","13,758","15,875","17,865","19,794","22,004","24,032","26,368","28,996","31,339","33,452","35,828","37,746"
314031391,Bray Park,"9,244","9,522","9,867","9,997","10,248","10,360","10,460","10,514","10,534","10,582","10,641","10,695","10,659","10,696"
314031392,Lawnton,"5,754","5,786","5,853","5,888","5,904","5,921","5,967","6,056","6,168","6,274","6,228","6,209","6,260","6,380"
314031393,Petrie,"8,799","8,827","8,820","8,827","8,820","8,798","8,959","8,974","8,986","8,981","9,005","9,054","9,038","8,937"
314031394,Strathpine - Brendale,"11,339","11,393","11,446","11,474","11,535","11,586","11,933","12,108","12,221","12,379","12,636","12,929","13,180","13,529"
315011395,Aurukun,"1,089","1,164","1,252","1,315","1,365","1,398","1,372","1,350","1,332","1,321","1,323","1,343","1,381","1,418"
315011396,Cape York,"6,451","6,598","6,784","7,056","7,261","7,505","7,461","7,514","7,408","7,583","7,775","7,986","8,171","8,374"
315011397,Croydon - Etheridge,"1,133","1,173","1,212","1,234","1,242","1,256","1,214","1,172","1,143","1,115","1,103","1,099","1,092","1,077"
315011398,Kowanyama - Pormpuraaw,"1,684","1,722","1,741","1,761","1,794","1,827","1,808","1,779","1,761","1,760","1,768","1,791","1,810","1,835"
315011399,Northern Peninsula,"2,063","2,168","2,234","2,273","2,391","2,463","2,547","2,620","2,741","2,836","2,945","3,001","3,068","3,163"
315011400,Tablelands,"5,619","5,645","5,650","5,655","5,672","5,697","5,707","5,878","5,938","6,030","6,090","6,131","6,214","6,263"
315011401,Torres,"3,373","3,418","3,457","3,481","3,485","3,477","3,567","3,647","3,717","3,753","3,799","3,809","3,847","3,887"
315011402,Torres Strait Islands,"4,548","4,577","4,606","4,609","4,600","4,578","4,599","4,614","4,690","4,731","4,775","4,860","4,993","5,104"
315011403,Weipa,"2,902","3,133","3,246","3,303","3,337","3,423","3,656","3,792","3,853","3,962","4,039","4,094","4,177","4,271"
315021404,Carpentaria,"4,726","4,932","5,021","5,110","5,242","5,348","5,311","5,262","5,189","5,147","5,067","5,073","5,085","5,122"
315021405,Mount Isa,"19,823","20,137","20,789","20,988","21,193","21,417","21,349","21,274","20,782","20,178","19,271","18,837","18,580","18,310"
315021406,Mount Isa Region,"3,799","3,824","3,900","3,923","3,938","4,004","3,964","3,871","3,746","3,584","3,458","3,447","3,345","3,297"
315021407,Northern Highlands,"3,701","3,713","3,726","3,743","3,751","3,772","3,677","3,585","3,491","3,339","3,204","3,131","3,118","3,133"
315031408,Barcaldine - Blackall,"5,404","5,414","5,446","5,474","5,511","5,549","5,485","5,446","5,318","5,117","4,834","4,744","4,714","4,717"
315031409,Charleville,"4,692","4,665","4,668","4,699","4,714","4,731","4,737","4,685","4,639","4,527","4,386","4,305","4,317","4,295"
315031410,Far Central West,"2,518","2,485","2,481","2,483","2,497","2,528","2,474","2,425","2,369","2,278","2,158","2,131","2,146","2,138"
315031411,Far South West,"3,383","3,309","3,292","3,295","3,332","3,362","3,296","3,189","3,110","2,974","2,849","2,806","2,701","2,660"
315031412,Longreach,"4,174","4,174","4,193","4,219","4,250","4,296","4,217","4,104","4,027","3,812","3,727","3,598","3,529","3,470"
316011413,Buderim - North,"15,156","15,310","15,467","15,621","15,745","15,859","16,198","16,389","16,496","16,743","17,085","17,388","17,692","17,954"
316011414,Buderim - South,"13,688","13,941","14,279","14,507","14,746","14,910","15,329","15,722","16,029","16,481","16,794","17,111","17,347","17,617"
316011415,Mountain Creek,"6,336","6,472","6,606","6,826","7,063","7,245","8,150","9,008","9,963","10,799","11,689","12,470","12,955","13,259"
316011416,Sippy Downs,"7,027","7,637","8,263","8,827","9,148","9,397","9,697","9,897","10,191","10,329","10,632","10,918","11,140","11,282"
316021417,Aroona - Currimundi,"9,929","9,969","10,005","10,016","10,001","9,988","10,053","10,094","10,115","10,171","10,281","10,442","10,512","10,552"
316021418,Buddina - Minyama,"6,463","6,443","6,408","6,417","6,420","6,431","6,524","6,629","6,672","6,672","6,719","6,768","6,768","6,711"
316021419,Caloundra - Kings Beach,"5,776","5,851","6,024","6,195","6,283","6,365","6,431","6,466","6,694","6,757","6,885","6,976","7,003","6,983"
316021420,Caloundra - West,"10,022","11,347","12,746","14,113","15,027","15,557","16,516","17,526","18,574","19,585","20,815","22,127","23,775","25,751"
316021421,Golden Beach - Pelican Waters,"9,044","9,339","9,692","10,108","10,398","10,613","10,949","11,185","11,411","11,758","12,198","12,684","13,018","13,248"
316021422,Moffat Beach - Battery Hill,"7,802","7,856","7,949","8,039","8,070","8,071","8,081","8,095","8,096","8,101","8,112","8,118","8,136","8,179"
316021423,Parrearra - Warana,"8,399","8,709","8,973","9,206","9,311","9,407","9,505","9,619","9,736","9,749","9,804","9,915","10,097","10,186"
316021424,Wurtulla - Birtinya,"5,526","5,616","5,741","5,816","5,930","6,107","6,432","6,948","7,420","7,758","8,031","8,351","8,796","9,361"
316031425,Coolum Beach,"12,360","12,572","12,894","13,190","13,448","13,729","14,039","14,298","14,345","14,622","14,992","15,444","15,791","16,230"
316031426,Marcoola - Mudjimba,"9,412","9,853","10,173","10,407","10,556","10,635","10,732","10,965","11,030","11,134","11,314","11,584","11,905","12,142"
316031427,Maroochydore - Kuluin,"16,373","16,637","16,887","17,058","17,201","17,394","18,126","18,666","19,070","19,681","19,987","20,259","20,533","20,924"
316031428,Mooloolaba - Alexandra Headland,"11,081","11,179","11,303","11,415","11,514","11,622","11,732","11,846","11,971","12,101","12,168","12,293","12,408","12,425"
316051434,Noosa Heads,"3,816","3,863","4,007","4,110","4,169","4,221","4,326","4,448","4,532","4,683","4,754","4,843","4,928","4,933"
316051435,Noosaville,"7,353","7,480","7,712","7,873","7,971","8,064","8,347","8,547","8,707","8,949","9,073","9,227","9,409","9,513"
316051437,Sunshine Beach,"6,724","6,733","6,721","6,741","6,747","6,697","6,663","6,665","6,683","6,710","6,815","6,954","7,036","7,036"
316051438,Tewantin,"10,252","10,254","10,372","10,447","10,430","10,358","10,395","10,427","10,517","10,547","10,578","10,620","10,589","10,522"
316051543,Peregian Beach - Marcus Beach,"3,585","3,617","3,736","3,824","3,889","3,959","3,944","3,932","3,913","3,895","3,874","3,882","3,927","3,943"
316051544,Peregian Springs,"1,662","2,287","2,788","3,282","3,684","4,036","4,775","5,519","6,204","6,810","7,489","8,280","9,155","10,032"
316061439,Beerwah,"5,651","5,834","6,227","6,709","7,042","7,356","7,726","7,906","8,002","8,150","8,375","8,644","8,973","9,138"
316061440,Caloundra Hinterland,"7,796","7,913","8,031","8,154","8,241","8,324","8,406","8,459","8,517","8,592","8,726","8,878","8,971","9,118"
316061441,Glass House Mountains,"4,826","4,914","5,134","5,403","5,592","5,668","5,727","5,758","5,800","5,853","5,921","6,048","6,223","6,422"
316061442,Landsborough,"8,673","8,945","9,286","9,590","9,680","9,795","9,789","9,826","10,049","10,208","10,434","10,700","11,127","11,999"
316061443,Maroochy Hinterland,"6,087","6,059","6,100","6,065","6,064","6,131","6,201","6,301","6,343","6,389","6,402","6,459","6,533","6,535"
316061444,Palmwoods,"9,661","9,890","10,107","10,270","10,371","10,469","10,587","10,646","10,749","10,782","10,838","10,912","11,020","11,210"
316071545,Bli Bli,"6,289","6,430","6,596","6,756","6,831","6,890","7,147","7,497","7,832","8,182","8,510","8,980","9,608","10,151"
316071546,Diddillibah - Rosemount,"3,314","3,321","3,358","3,419","3,438","3,447","3,506","3,630","3,734","3,817","3,876","3,969","4,089","4,163"
316071547,Eumundi - Yandina,"8,803","9,009","9,234","9,484","9,625","9,718","9,897","10,098","10,365","10,518","10,768","10,985","11,291","11,673"
316071548,Nambour,"16,502","16,896","17,368","17,853","18,276","18,665","19,142","19,513","19,725","20,008","20,380","20,684","21,059","21,259"
316081549,Noosa Hinterland,"19,348","19,728","20,213","20,621","20,912","21,151","21,434","21,804","22,155","22,280","22,444","22,851","23,358","23,830"
317011445,Cambooya - Wyreema,"4,964","5,228","5,481","5,690","5,790","5,877","6,219","6,491","6,661","6,884","7,135","7,401","7,642","7,912"
317011446,Darling Heights,"12,250","12,295","12,421","12,605","12,691","12,713","13,094","13,385","13,633","13,865","14,050","14,341","14,668","14,950"
317011447,Drayton - Harristown,"9,780","9,827","9,947","10,178","10,312","10,433","10,510","10,567","10,585","10,502","10,405","10,434","10,425","10,472"
317011448,Gatton,"6,232","6,339","6,497","6,960","7,174","7,374","7,503","7,568","7,632","7,631","7,657","7,793","7,921","8,079"
317011449,Gowrie (Qld),"4,567","4,791","5,061","5,347","5,500","5,687","5,868","6,098","6,285","6,418","6,535","6,682","6,865","7,028"
317011450,Highfields,"9,024","9,631","10,200","10,757","11,179","11,495","11,901","12,334","12,627","12,987","13,429","13,824","14,074","14,298"
317011451,Lockyer Valley - West,"9,555","9,734","9,985","10,226","10,353","10,458","10,647","10,885","11,144","11,332","11,551","11,728","11,966","12,158"
317011452,Middle Ridge,"6,430","6,503","6,570","6,643","6,701","6,760","6,928","7,083","7,225","7,294","7,344","7,380","7,381","7,345"
317011453,Newtown (Qld),"10,057","10,014","9,974","9,938","9,890","9,855","9,854","9,843","9,831","9,815","9,812","9,715","9,712","9,796"
317011454,North Toowoomba - Harlaxton,"5,828","5,859","5,907","5,983","6,034","6,063","6,055","5,999","5,975","5,938","5,913","5,937","5,942","5,959"
317011455,Rangeville,"8,111","8,185","8,269","8,340","8,388","8,438","8,525","8,517","8,484","8,442","8,473","8,490","8,479","8,466"
317011456,Toowoomba - Central,"13,979","13,855","13,753","13,745","13,758","13,704","13,723","13,721","13,722","13,728","13,753","13,896","13,909","13,852"
317011457,Toowoomba - East,"10,497","10,493","10,475","10,485","10,422","10,384","10,330","10,369","10,269","10,157","10,012","9,951","9,883","9,724"
317011458,Toowoomba - West,"9,649","10,113","10,595","10,913","11,440","11,737","12,082","12,247","12,608","13,000","13,278","13,631","14,071","14,487"
317011459,Wilsonton,"13,009","13,069","13,167","13,245","13,270","13,280","13,395","13,435","13,462","13,502","13,515","13,602","13,768","13,934"
318011460,Ayr,"9,050","9,142","9,223","9,304","9,333","9,393","9,453","9,480","9,465","9,397","9,235","9,176","9,101","9,045"
318011461,Burdekin,"8,364","8,393","8,389","8,420","8,390","8,310","8,356","8,221","8,177","8,115","8,036","8,003","7,930","7,874"
318011462,Charters Towers,"8,171","8,214","8,305","8,360","8,410","8,454","8,427","8,441","8,471","8,391","8,293","8,159","8,020","7,873"
318011463,Dalrymple,"3,558","3,701","3,791","3,879","3,906","3,980","3,976","3,950","3,896","3,844","3,794","3,808","3,829","3,866"
318011464,Ingham,"4,936","4,931","4,905","4,889","4,880","4,901","4,877","4,755","4,675","4,590","4,468","4,411","4,353","4,293"
318011465,Ingham Region,"6,874","6,891","6,921","6,940","6,928","6,916","6,886","6,858","6,737","6,591","6,500","6,467","6,450","6,394"
318011466,Palm Island,"2,070","2,162","2,265","2,333","2,430","2,538","2,539","2,529","2,527","2,550","2,581","2,613","2,637","2,671"
318021467,Aitkenvale,"4,957","4,986","5,002","5,027","5,056","5,086","5,106","5,079","5,049","4,957","4,908","4,906","4,905","4,890"
318021468,Annandale,"10,478","10,289","10,095","9,880","9,887","9,810","9,904","10,081","10,140","10,238","10,377","10,390","10,330","10,200"
318021469,Belgian Gardens - Pallarenda,"3,521","3,526","3,543","3,559","3,563","3,570","3,537","3,553","3,505","3,421","3,387","3,323","3,265","3,228"
318021470,Bohle Plains,"3,039","3,498","4,144","4,826","5,191","5,598","5,881","6,370","6,880","7,157","7,416","7,659","7,873","8,166"
318021471,Condon - Rasmussen,"10,314","10,401","10,484","10,560","10,625","10,695","10,700","10,733","10,724","10,712","10,723","10,796","10,875","11,011"
318021472,Cranbrook,"6,493","6,481","6,466","6,421","6,368","6,349","6,329","6,269","6,200","6,066","6,037","6,021","5,983","5,996"
318021473,Deeragun,"8,946","10,032","11,647","12,901","14,133","15,563","17,415","18,914","20,385","21,630","22,917","24,098","24,938","25,689"
318021474,Douglas,"6,210","6,590","7,101","7,301","7,478","7,498","7,612","7,814","7,928","8,010","8,037","8,216","8,353","8,559"
318021475,Garbutt - West End,"6,298","6,420","6,557","6,728","6,830","7,040","7,078","7,008","6,940","6,866","6,701","6,567","6,475","6,330"
318021476,Gulliver - Currajong - Vincent,"8,332","8,356","8,379","8,399","8,396","8,378","8,304","8,268","8,123","7,994","7,921","7,834","7,831","7,899"
318021477,Heatley,"4,397","4,365","4,389","4,357","4,343","4,333","4,308","4,281","4,217","4,148","4,125","4,124","4,139","4,160"
318021478,Hermit Park - Rosslea,"5,046","5,131","5,196","5,258","5,284","5,297","5,328","5,348","5,334","5,324","5,291","5,297","5,267","5,144"
318021479,Hyde Park - Pimlico,"4,669","4,756","4,827","4,929","4,997","5,050","5,038","5,025","4,972","4,921","4,788","4,754","4,581","4,529"
318021480,Kelso,"8,972","9,306","9,604","10,083","10,250","10,537","10,653","10,770","10,789","10,791","10,861","10,891","10,925","11,030"
318021481,Kirwan - East,"8,578","8,514","8,559","8,505","8,377","8,404","8,371","8,323","8,227","8,120","7,949","7,800","7,692","7,590"
318021482,Kirwan - West,"15,239","15,606","15,870","16,079","16,181","16,328","16,160","16,042","15,998","15,922","15,887","15,797","15,743","15,609"
318021483,Magnetic Island,"2,216","2,235","2,257","2,272","2,283","2,289","2,340","2,352","2,381","2,408","2,377","2,377","2,377","2,402"
318021484,Mount Louisa,"5,675","6,070","6,492","7,035","7,665","8,081","8,533","8,799","9,202","9,332","9,476","9,599","9,712","9,875"
318021485,Mundingburra,"3,831","3,861","3,896","3,931","3,967","4,012","3,991","3,948","3,851","3,792","3,700","3,623","3,558","3,465"
318021486,Northern Beaches,"5,705","5,805","5,995","6,127","6,197","6,255","6,260","6,360","6,386","6,412","6,453","6,497","6,553","6,572"
318021487,Oonoonba,"3,618","4,011","4,389","4,895","5,209","5,422","5,687","5,953","6,223","6,446","6,737","6,963","7,111","7,037"
318021488,South Townsville - Railway Estate,"4,905","5,000","5,062","5,117","5,155","5,260","5,335","5,384","5,423","5,380","5,335","5,345","5,385","5,479"
318021489,Townsville - South,"3,884","3,942","3,982","4,063","4,081","4,081","4,180","4,260","4,301","4,339","4,329","4,343","4,362","4,442"
318021490,Townsville City - North Ward,"7,910","8,060","8,302","8,567","8,782","8,994","9,364","9,393","9,419","9,458","9,454","9,496","9,565","9,624"
318021491,Wulguru - Roseneath,"6,286","6,301","6,306","6,299","6,293","6,256","6,251","6,245","6,233","6,221","6,217","6,281","6,263","6,158"
319011492,Ashfield - Kepnock,"4,595","4,722","4,842","4,963","5,054","5,084","5,145","5,215","5,289","5,320","5,332","5,372","5,413","5,450"
319011493,Bargara - Burnett Heads,"13,496","14,040","14,779","15,265","15,614","15,801","16,263","16,489","16,648","16,787","16,912","17,071","17,300","17,634"
319011494,Branyan - Kensington,"3,371","3,565","3,732","3,879","3,913","3,977","4,225","4,406","4,515","4,627","4,758","4,889","5,013","5,152"
319011495,Bundaberg,"6,247","6,248","6,261","6,289","6,325","6,369","6,417","6,389","6,327","6,294","6,250","6,265","6,245","6,128"
319011496,Bundaberg East - Kalkie,"4,634","4,780","5,024","5,191","5,283","5,340","5,432","5,471","5,514","5,524","5,564","5,609","5,656","5,733"
319011497,Bundaberg North - Gooburrum,"7,143","7,232","7,339","7,381","7,442","7,499","7,510","7,431","7,393","7,351","7,303","7,291","7,306","7,280"
319011498,Bundaberg Region - North,"7,565","7,724","7,873","8,001","8,095","8,185","8,422","8,600","8,751","8,861","8,972","9,087","9,204","9,352"
319011499,Bundaberg Region - South,"8,592","8,783","9,050","9,336","9,494","9,615","9,793","9,817","9,786","9,784","9,921","9,945","9,979","10,026"
319011500,Millbank - Avoca,"7,705","7,782","7,834","7,876","7,884","7,838","7,789","7,799","7,711","7,605","7,493","7,379","7,328","7,307"
319011501,Svensson Heights - Norville,"6,020","5,990","5,958","5,928","5,916","5,900","5,852","5,872","5,828","5,769","5,701","5,633","5,633","5,657"
319011502,Walkervale - Avenell Heights,"10,797","10,919","11,075","11,195","11,276","11,287","11,185","11,094","10,996","10,879","10,866","10,963","11,008","10,968"
319021503,Gayndah - Mundubbera,"6,620","6,586","6,574","6,581","6,553","6,556","6,565","6,629","6,692","6,756","6,776","6,797","6,789","6,784"
319021504,Gin Gin,"4,644","4,694","4,825","5,024","5,097","5,161","5,253","5,260","5,259","5,219","5,176","5,171","5,173","5,147"
319021505,Kingaroy,"8,966","9,206","9,394","9,633","9,851","10,074","10,469","10,588","10,525","10,516","10,464","10,401","10,396","10,306"
319021506,Kingaroy Region - North,"9,187","9,225","9,335","9,470","9,534","9,596","9,605","9,698","9,689","9,682","9,739","9,747","9,715","9,663"
319021507,Kingaroy Region - South,"3,939","3,857","3,824","3,850","3,814","3,775","3,895","3,965","3,984","3,970","3,949","3,980","4,008","4,090"
319021508,Monto - Eidsvold,"3,758","3,736","3,761","3,796","3,805","3,818","3,843","3,858","3,855","3,851","3,870","3,866","3,835","3,815"
319021509,Nanango,"8,789","9,016","9,236","9,442","9,564","9,622","9,663","9,697","9,717","9,734","9,775","9,780","9,767","9,815"
319021510,North Burnett,7,7,7,7,7,7,7,7,8,8,8,8,8,8
319031511,Cooloola,"5,127","5,334","5,525","5,674","5,781","5,861","5,955","6,108","6,180","6,237","6,351","6,412","6,487","6,573"
319031512,Gympie - North,"12,456","12,669","12,925","13,189","13,355","13,511","13,780","13,966","14,139","14,255","14,506","14,698","14,743","14,879"
319031513,Gympie - South,"5,188","5,507","5,831","6,189","6,349","6,460","6,651","6,749","6,764","6,769","6,809","6,813","6,853","6,989"
319031514,Gympie Region,"16,397","16,622","16,819","17,051","17,182","17,309","17,645","17,875","18,211","18,472","18,839","19,309","19,673","20,143"
319031515,Kilkivan,"3,368","3,426","3,523","3,596","3,627","3,633","3,682","3,720","3,722","3,735","3,747","3,753","3,748","3,770"
319041516,Booral - River Heads,"3,654","3,818","3,939","4,101","4,207","4,271","4,377","4,423","4,538","4,584","4,637","4,722","4,840","4,960"
319041517,Craignish - Dundowran Beach,"3,773","4,008","4,260","4,464","4,522","4,569","4,654","4,728","4,841","4,882","4,937","5,016","5,115","5,217"
319041518,Pialba - Eli Waters,"9,928","10,792","11,529","12,223","12,683","12,906","13,209","13,465","13,716","14,018","14,185","14,471","14,828","15,022"
319041519,Point Vernon,"5,148","5,422","5,620","5,788","5,851","5,824","5,866","5,828","5,797","5,775","5,785","5,840","5,883","5,890"
319041520,Torquay - Scarness - Kawungan,"14,148","14,278","14,467","14,644","14,764","14,877","14,980","15,054","15,123","15,160","15,267","15,327","15,446","15,521"
319041521,Urangan - Wondunna,"9,709","10,179","10,660","11,086","11,425","11,659","11,887","12,167","12,452","12,594","12,842","13,066","13,392","13,695"
319051522,Burrum - Fraser,"7,113","7,612","8,041","8,431","8,705","8,898","9,133","9,402","9,541","9,647","9,693","9,781","9,944","10,150"
319051523,Granville,"3,191","3,184","3,202","3,208","3,216","3,225","3,241","3,277","3,303","3,292","3,246","3,227","3,190","3,171"
319051524,Maryborough (Qld),"18,292","18,402","18,510","18,568","18,635","18,674","18,611","18,593","18,541","18,504","18,489","18,455","18,394","18,295"
319051525,Maryborough Region - South,"6,665","6,829","7,092","7,471","7,706","7,827","7,998","8,173","8,226","8,313","8,442","8,598","8,787","9,055"
319051526,Tinana,"4,588","4,661","4,775","4,904","4,976","4,994","5,129","5,244","5,318","5,423","5,505","5,595","5,695","5,820"
,,,,,,,,,,,,,,,
,Queensland,"4,007,992","4,111,018","4,219,505","4,328,771","4,404,744","4,476,778","4,568,687","4,652,824","4,719,653","4,777,692","4,845,152","4,927,629","5,009,424","5,094,510"
,,,,,,,,,,,,,,,
r = revised    p=preliminary,,,,,,,,,,,,,,,
,,,,,,,,,,,,,,,
Geographies are based on the 2016 edition of the Australian Statistical Geography Standard (ASGS). ,,,,,,,,,,,,,,,
,,,,,,,,,,,,,,,
"Source: ABS 3218.0, Regional Population Growth, Australia, various editions.",,,,,,,,,,,,,,,
